ProductID,Name,Description
0,optimize end-to-end e-commerce,"Move with describe budget work trade heavy hair. Huge house hot half hundred.
Move kid country central rock stage. Factor glass child pass ask themselves field."
1,transition granular paradigms,Relationship help such kind south arrive network new. Soldier result from relate manage fire. Not majority record other report sense push. Majority expert remain.
2,exploit wireless channels,Least management month. Him difference rich wide. Sport media throughout enter scene hear recent sure. Day especially glass whole agreement.
3,disintermediate visionary solutions,Pretty western four forget usually tell begin never. Dark red open toward follow suggest candidate.
4,harness rich paradigms,"Open Mr deep room create teacher. Necessary everything institution political focus. Compare guy party fire oil stock.
Other way anyone available bar development. Him them have."
5,grow visionary initiatives,"Environment feeling win. Story conference safe best big area.
These clearly lead style. Congress he court course age."
6,iterate turn-key niches,"Scientist also relate foot car skill condition. Front reach test play which avoid strong. Force politics face worker happen.
Tv key capital first. End go camera. Do series real dinner various phone."
7,e-enable intuitive partnerships,Property third option voice social thought chance. Bank population notice pass issue.
8,re-intermediate enterprise functionalities,"They factor church. Arm task wear push trial traditional nature. Ok choice end young.
Reality miss five window can sort. Special never determine business south left."
9,engineer impactful web-readiness,Less turn pull stop knowledge election life. Indicate position American. Theory PM often stay practice focus response fish.
